artifact_path,gate,artifact_type,status,generator_script,source_inputs,git_commit,sha256,canonical,notes
config/README.md,Repository,support,derived,various,see docs/gates and provenance,cfb8e08f769bfe5cc2961e3a93421a8490cc9796,9ea7c38d39170448a99537b554d045fc7f6b3a76315b4f14bcd4bc57bcb0048a,False,Supporting artifact
config/eeg_frozen.yaml,Repository,support,derived,various,see docs/gates and provenance,cfb8e08f769bfe5cc2961e3a93421a8490cc9796,3df99491cc57c661b3702d2000711ae3863e957a7c061e41b4f7e838b2f86842,False,Supporting artifact
config/effective_kernel_gate1_frozen.json,Gate 1,protocol_or_theory,canonical,see provenance,see docs/gates and provenance,cfb8e08f769bfe5cc2961e3a93421a8490cc9796,8248c68ea6fd032de1e26a584c4cd571856b84611968051eab8061bdc3f51cd5,True,Frozen or canonical gate artifact
config/effective_kernel_gate1b_robustness.json,Gate 1,protocol_or_theory,canonical,see provenance,see docs/gates and provenance,cfb8e08f769bfe5cc2961e3a93421a8490cc9796,e78b988afa66247e10d48da3e4fa69361eca6daca1a4d41d487e79c2a8ab763d,True,Frozen or canonical gate artifact
config/rotaA_gate3_frozen.json,Gate 3,report_or_metadata,canonical,see provenance,see docs/gates and provenance,cfb8e08f769bfe5cc2961e3a93421a8490cc9796,632abb62bf7cc1c99d603b89c3b3aeb5f0664cf4e8e2438a7fa4cf56658849c6,True,Frozen or canonical gate artifact
config/rotaA_stage2_frozen.json,Repository,support,derived,various,see docs/gates and provenance,cfb8e08f769bfe5cc2961e3a93421a8490cc9796,e875c31a6dc6f85a43c602b09cc1598ba321ff59110a0ab2e5d2e3c74e418898,False,Supporting artifact
docs/PROVENANCE.md,Repository,support,derived,various,see docs/gates and provenance,cfb8e08f769bfe5cc2961e3a93421a8490cc9796,d1fada852da2185b6de85b44d7858c0101bb6ea16548b317c4a844875e0d9a85,False,Supporting artifact
docs/README.md,Repository,support,derived,various,see docs/gates and provenance,cfb8e08f769bfe5cc2961e3a93421a8490cc9796,b629edcfc92c2e5ecb7d9d92e85a1fe2512c4f5102ea7c416c91d22175835778,False,Supporting artifact
docs/claims_registry.md,Repository,support,derived,various,see docs/gates and provenance,cfb8e08f769bfe5cc2961e3a93421a8490cc9796,8274b322887b076c6fb32cd291608f1072227a4a1f4e39eda94afd87dc2321bd,False,Supporting artifact
docs/code_availability.md,Repository,support,derived,various,see docs/gates and provenance,cfb8e08f769bfe5cc2961e3a93421a8490cc9796,3077f3ad49815038b28177a9350e8f6ff74b043e8b7e19ae39b6f0ff042180d2,False,Supporting artifact
docs/data_availability.md,Repository,support,derived,various,see docs/gates and provenance,cfb8e08f769bfe5cc2961e3a93421a8490cc9796,1d3ecee0b9428a015d4e15944acecc9bb612a242b17bd4f980582b18900a2d7f,False,Supporting artifact
docs/eeg_gate_preregistration.md,Gate 0,eeg_gate_result,canonical,see provenance,see docs/gates and provenance,cfb8e08f769bfe5cc2961e3a93421a8490cc9796,aa8b9f7607cd43b0e756c35c094c50f86258217f4661239523554a19f5b55da6,True,Frozen or canonical gate artifact
docs/eeg_preregistration.md,Repository,support,derived,various,see docs/gates and provenance,cfb8e08f769bfe5cc2961e3a93421a8490cc9796,41c298e150ade118b986a3948ea9453b74f6c9cfcf913f756ef8ea7002016d97,False,Supporting artifact
docs/eeg_protocol.md,Repository,support,derived,various,see docs/gates and provenance,cfb8e08f769bfe5cc2961e3a93421a8490cc9796,18deaf34f9633aee3641011b57b9917ae84996c596dc003f5ef409b914f51c60,False,Supporting artifact
docs/effective_kernel_check_protocol.md,Gate 1,protocol_or_theory,canonical,see provenance,see docs/gates and provenance,cfb8e08f769bfe5cc2961e3a93421a8490cc9796,45e99d41a877b6a18ab5fa86a3a0fe8353724a8deda95cec2d1ab4b1d75e5d95,True,Frozen or canonical gate artifact
docs/effective_kernel_theory.md,Gate 1,protocol_or_theory,canonical,see provenance,see docs/gates and provenance,cfb8e08f769bfe5cc2961e3a93421a8490cc9796,f0cfd1fccb50f6471b1af3d917a333099f91f4f9f95a82ca6249c0c1df0ef679,True,Frozen or canonical gate artifact
docs/evidence_map.md,Repository,support,derived,various,see docs/gates and provenance,cfb8e08f769bfe5cc2961e3a93421a8490cc9796,5f6734e9647432c11614c158f16fad36d6a1a5bb7a0a226a1f87909302dba9cb,False,Supporting artifact
docs/figure_inventory.md,Repository,support,derived,various,see docs/gates and provenance,cfb8e08f769bfe5cc2961e3a93421a8490cc9796,2f7aa62d77ede59e014b695ac9d08abf5fb844dd8a574b48ad8735629cf5e4f7,False,Supporting artifact
docs/final_results_summary.md,Repository,support,derived,various,see docs/gates and provenance,cfb8e08f769bfe5cc2961e3a93421a8490cc9796,aa0171ad1b265d29d0e812972890a3a75fcbbdef1d6159d2901eb84cd6c4a4f1,False,Supporting artifact
docs/gate1b_robustness_protocol.md,Repository,support,derived,various,see docs/gates and provenance,cfb8e08f769bfe5cc2961e3a93421a8490cc9796,a383649cbc6ebc418d984f6026f983148fb75321f8e9c112b87a20ea3c1d1418,False,Supporting artifact
docs/gate2_postgate_addendum.md,Gate 0,eeg_gate_result,canonical,see provenance,see docs/gates and provenance,cfb8e08f769bfe5cc2961e3a93421a8490cc9796,6b2262e3255c01feafa239014b8a0d2333a04387700a2b2332aba40b8293ecc7,True,Frozen or canonical gate artifact
docs/gate3_protocol.md,Gate 3,report_or_metadata,canonical,see provenance,see docs/gates and provenance,cfb8e08f769bfe5cc2961e3a93421a8490cc9796,0302dc9ab64a088d8fa9460ffafb0298bc84640ee4434c2e7f7d13ee3f6ba1e3,True,Frozen or canonical gate artifact
docs/gates/README.md,Stage 4,derived_release,canonical,scripts/build_repository_release.py,see docs/gates and provenance,cfb8e08f769bfe5cc2961e3a93421a8490cc9796,1dac60b4d7940486bf0cea9c3e2ee9755d44b1e6527a6ced648b9ff51477a16d,True,Derived from frozen sources
docs/gates/gate0_summary.md,Stage 4,derived_release,canonical,scripts/build_repository_release.py,see docs/gates and provenance,cfb8e08f769bfe5cc2961e3a93421a8490cc9796,749092b8206cc367746f63cfa54f5df40a8114eb6974e4450e29711b790f82ce,True,Derived from frozen sources
docs/gates/gate1_summary.md,Stage 4,derived_release,canonical,scripts/build_repository_release.py,see docs/gates and provenance,cfb8e08f769bfe5cc2961e3a93421a8490cc9796,e9d03962fb41729d78d79fb7e1a92e1e2c5ca24598b728ab2c1058822a1bbb63,True,Derived from frozen sources
docs/gates/gate2_summary.md,Stage 4,derived_release,canonical,scripts/build_repository_release.py,see docs/gates and provenance,cfb8e08f769bfe5cc2961e3a93421a8490cc9796,ebf8dfafa5443738096b4cf13730896de5f0697c95a7bde161dcc3b6d92b96ba,True,Derived from frozen sources
docs/gates/gate3_summary.md,Stage 4,derived_release,canonical,scripts/build_repository_release.py,see docs/gates and provenance,cfb8e08f769bfe5cc2961e3a93421a8490cc9796,c4a1fd3de1a495d284a7ad3a9b29feafe534dc6607aa3d80eb5c5b6fe8716330,True,Derived from frozen sources
docs/limitations.md,Repository,support,derived,various,see docs/gates and provenance,cfb8e08f769bfe5cc2961e3a93421a8490cc9796,1beb3ebda4d31236e787627424d5fb333175bcc6f150a7985ad9f1c4fd0e2d60,False,Supporting artifact
docs/paper_blueprint.md,Repository,support,derived,various,see docs/gates and provenance,cfb8e08f769bfe5cc2961e3a93421a8490cc9796,0cffd1e272da5149a8e8a30db13967afc3e03c69f73191005dc9abd0f8b13db4,False,Supporting artifact
docs/physical_resources.md,Gate 3,resource_doc,canonical,see provenance,see docs/gates and provenance,cfb8e08f769bfe5cc2961e3a93421a8490cc9796,c8cfaf5b4c3643bafaf0fca969e42d6ee91d9141bef41309ae43ea6e1436f2e2,True,Frozen or canonical gate artifact
docs/repository_structure.md,Repository,support,derived,various,see docs/gates and provenance,cfb8e08f769bfe5cc2961e3a93421a8490cc9796,52e61b77ac54b056b139d8e051efc5bf5db6b3a45e3288e76a0e5e579fd55565,False,Supporting artifact
docs/reproducibility.md,Repository,support,derived,various,see docs/gates and provenance,cfb8e08f769bfe5cc2961e3a93421a8490cc9796,d8eff7b14b88b18bba6c7de242a0798448b6c33dfdc71fd9918f3755fe708725,False,Supporting artifact
docs/reviewer_risk_register.md,Repository,support,derived,various,see docs/gates and provenance,cfb8e08f769bfe5cc2961e3a93421a8490cc9796,2ed47e58db95b8927555d3f04dc5793703291f00bea53e2892a250b86dd36330,False,Supporting artifact
docs/rotaA_plan.md,Repository,support,derived,various,see docs/gates and provenance,cfb8e08f769bfe5cc2961e3a93421a8490cc9796,30de42f56505ee89e258e69a66fddb3d97ac294c281cb67032eb9cd427038aa2,False,Supporting artifact
docs/synthetic_stage2_protocol.md,Repository,support,derived,various,see docs/gates and provenance,cfb8e08f769bfe5cc2961e3a93421a8490cc9796,51449562ca925cddc03e9838da48c49baf58177b483c7dc77c8edb7d1741fc86,False,Supporting artifact
docs/table_inventory.md,Repository,support,derived,various,see docs/gates and provenance,cfb8e08f769bfe5cc2961e3a93421a8490cc9796,fc6d64e5ecd58d48ae7ac81c50be30124676e3736e7ef1f4f0b88989a301fcd3,False,Supporting artifact
figures/README.md,Repository,support,derived,various,see docs/gates and provenance,cfb8e08f769bfe5cc2961e3a93421a8490cc9796,9cbb5044b73f61a0524b9418e79d7f75a3b8b1daed7a34c7ec840b9606ae244a,False,Supporting artifact
figures/eeg/fig_eeg_capacity_vs_gain.pdf,Repository,support,derived,various,see docs/gates and provenance,cfb8e08f769bfe5cc2961e3a93421a8490cc9796,78ceb73d84d5f45127492df20425b12b339eb75787ad632ac53fa62f00e8cdca,False,Supporting artifact
figures/eeg/fig_eeg_capacity_vs_gain.png,Repository,support,derived,various,see docs/gates and provenance,cfb8e08f769bfe5cc2961e3a93421a8490cc9796,924cd16fecf3087be01d154c1097f3d1cbf37b62597f81e3bde9c481bb379517,False,Supporting artifact
figures/eeg/fig_eeg_demand_gradient.pdf,Repository,support,derived,various,see docs/gates and provenance,cfb8e08f769bfe5cc2961e3a93421a8490cc9796,40d489f60fa9fef2ae27fddfb7a17ac246f7303303a212641b8e0b9eedb45024,False,Supporting artifact
figures/eeg/fig_eeg_demand_gradient.png,Repository,support,derived,various,see docs/gates and provenance,cfb8e08f769bfe5cc2961e3a93421a8490cc9796,7ded8a4eadfd228589ee05094a0ac5ac746876700b8fa5d775295b0ff7725d7b,False,Supporting artifact
figures/eeg/fig_eeg_gate_curves.pdf,Gate 0,eeg_gate_result,canonical,see provenance,see docs/gates and provenance,cfb8e08f769bfe5cc2961e3a93421a8490cc9796,398f7312641d53ef8884bde804e9d8378c7e6768a3f98064aa96040d846c0f47,True,Frozen or canonical gate artifact
figures/eeg/fig_eeg_gate_curves.png,Gate 0,eeg_gate_result,canonical,see provenance,see docs/gates and provenance,cfb8e08f769bfe5cc2961e3a93421a8490cc9796,d9ff73e37f610f9541512093752b2c74fbf35abb8d035220b7f33f38fe0d689c,True,Frozen or canonical gate artifact
figures/eeg/fig_gate1b_robustness.pdf,Repository,support,derived,various,see docs/gates and provenance,cfb8e08f769bfe5cc2961e3a93421a8490cc9796,cd52d39d67561e7b171fb4496012a5312a9ea30590526cba50722fa366ff0fba,False,Supporting artifact
figures/eeg/fig_gate1b_robustness.png,Repository,support,derived,various,see docs/gates and provenance,cfb8e08f769bfe5cc2961e3a93421a8490cc9796,635d1faa6b2281965932261dfc4d0b1f48aa334bea57b8d2ae9612e8854db3c9,False,Supporting artifact
figures/eeg/fig_long_horizon.pdf,Repository,support,derived,various,see docs/gates and provenance,cfb8e08f769bfe5cc2961e3a93421a8490cc9796,8ee63aed2746b649aee27f6dfd631d7573ce3125168d492dc37b16dd5efb6834,False,Supporting artifact
figures/eeg/fig_long_horizon.png,Repository,support,derived,various,see docs/gates and provenance,cfb8e08f769bfe5cc2961e3a93421a8490cc9796,9f8614d18e71d243213999860798adea81701ac8bf83883f1f05b68d7ff1261d,False,Supporting artifact
figures/eeg/fig_shot_sensitivity.pdf,Gate 3,shot_result,canonical,see provenance,see docs/gates and provenance,cfb8e08f769bfe5cc2961e3a93421a8490cc9796,4635ed3376f445bd955ae2649db199d31ea85a7337b928030b66072c31809966,True,Frozen or canonical gate artifact
figures/eeg/fig_shot_sensitivity.png,Gate 3,shot_result,canonical,see provenance,see docs/gates and provenance,cfb8e08f769bfe5cc2961e3a93421a8490cc9796,566399f4e05bd6bb8cb866bd140de990b99c6d339959b15f36abb875af62754b,True,Frozen or canonical gate artifact
figures/final/README.md,Stage 4,derived_release,canonical,scripts/build_repository_release.py,see docs/gates and provenance,cfb8e08f769bfe5cc2961e3a93421a8490cc9796,ea258117e98fd31940ff822ef5dabdbe37e99765e477178301523e8694ad6197,True,Derived from frozen sources
figures/final/fig_eeg_horizon_dependence.pdf,Stage 4,derived_release,canonical,scripts/build_repository_release.py,see docs/gates and provenance,cfb8e08f769bfe5cc2961e3a93421a8490cc9796,1527b1cca559b666bebec7795a4dcc5d281168eaaaeae444e1406618328b52da,True,Derived from frozen sources
figures/final/fig_eeg_horizon_dependence.png,Stage 4,derived_release,canonical,scripts/build_repository_release.py,see docs/gates and provenance,cfb8e08f769bfe5cc2961e3a93421a8490cc9796,1a2797818ec89969db46e0ab4f0f57b87624631c91dc69e87c9207b08e25446b,True,Derived from frozen sources
figures/final/fig_effective_kernel_mechanism.pdf,Stage 4,derived_release,canonical,scripts/build_repository_release.py,see docs/gates and provenance,cfb8e08f769bfe5cc2961e3a93421a8490cc9796,2a85e601e8d8daf362c685b100384387092c1850cb90fbf60510c3e33d676a10,True,Derived from frozen sources
figures/final/fig_effective_kernel_mechanism.png,Stage 4,derived_release,canonical,scripts/build_repository_release.py,see docs/gates and provenance,cfb8e08f769bfe5cc2961e3a93421a8490cc9796,e23ac42ec6cfb875602e80eb02cdf68bb29e41596e752463533c0d8df685176a,True,Derived from frozen sources
figures/final/fig_resources_and_shots.pdf,Stage 4,derived_release,canonical,scripts/build_repository_release.py,see docs/gates and provenance,cfb8e08f769bfe5cc2961e3a93421a8490cc9796,923f4f4b22fd27f325c7dd224859a66bc990b709b0f73ecf1ea581c890434675,True,Derived from frozen sources
figures/final/fig_resources_and_shots.png,Stage 4,derived_release,canonical,scripts/build_repository_release.py,see docs/gates and provenance,cfb8e08f769bfe5cc2961e3a93421a8490cc9796,1898e89a200aa26001dcb9ed3b7c89398e48cb4a3cb2a305f7b842ec6189302b,True,Derived from frozen sources
figures/final/fig_synthetic_theory_validation.pdf,Stage 4,derived_release,canonical,scripts/build_repository_release.py,see docs/gates and provenance,cfb8e08f769bfe5cc2961e3a93421a8490cc9796,1acedfed1ca4ad3a362e275acde9580d2b217fc9849ebfc1989d661b2907fef2,True,Derived from frozen sources
figures/final/fig_synthetic_theory_validation.png,Stage 4,derived_release,canonical,scripts/build_repository_release.py,see docs/gates and provenance,cfb8e08f769bfe5cc2961e3a93421a8490cc9796,9306627ab0b5a5d6e477ee2929910eb2aafc54e28f71b924fb406ce58ee73e33,True,Derived from frozen sources
figures/synth/fig_gate2_within_scenario.pdf,Gate 2,figure,canonical,see provenance,see docs/gates and provenance,cfb8e08f769bfe5cc2961e3a93421a8490cc9796,7ece105b5292dd5fd1efeeb4589ac93402717bfdcf2f93d816a26b01a0778a77,True,Frozen or canonical gate artifact
figures/synth/fig_gate2_within_scenario.png,Gate 2,figure,canonical,see provenance,see docs/gates and provenance,cfb8e08f769bfe5cc2961e3a93421a8490cc9796,78c5c50b97f679524885b8e114b0d521086729ee616ba62e0bf0bf3dc24aef76,True,Frozen or canonical gate artifact
figures/synth/fig_theory_predictions_vs_measured.pdf,Gate 2,figure,canonical,see provenance,see docs/gates and provenance,cfb8e08f769bfe5cc2961e3a93421a8490cc9796,0a30fe2bbd51f83d557bd6e3948fbd03c0ef04fb74e2e4dc73c3bacc8447e0ce,True,Frozen or canonical gate artifact
figures/synth/fig_theory_predictions_vs_measured.png,Gate 2,figure,canonical,see provenance,see docs/gates and provenance,cfb8e08f769bfe5cc2961e3a93421a8490cc9796,f08b4ac1bef5f2cc16b438316828ffa9eb93ea7a11d98c809369b55d3ac2d8c2,True,Frozen or canonical gate artifact
results/README.md,Repository,support,derived,various,see docs/gates and provenance,cfb8e08f769bfe5cc2961e3a93421a8490cc9796,ff34f47f6b61be91b910b6db25ca7a25642d0c92cbac482160c13c212161aa08,False,Supporting artifact
results/eeg/README.md,Repository,support,derived,various,see docs/gates and provenance,cfb8e08f769bfe5cc2961e3a93421a8490cc9796,1bd2cc51df823da1ae2f4fd10664cf2a168b0a928e9823108b75b77c0a56f2ae,False,Supporting artifact
results/eeg/_invalid_config_r09_snapshot/README.md,Gate 1,snapshot,INVALID_CONFIG,historical,see docs/gates and provenance,cfb8e08f769bfe5cc2961e3a93421a8490cc9796,2a8975811d9ef24a2443b28168bcc8c93e477d7f103cd818ba8e08044990626f,False,Exploratory r=0.9; never confirmatory
results/eeg/_invalid_config_r09_snapshot/docs/effective_kernel_check_protocol.md,Gate 1,snapshot,INVALID_CONFIG,historical,see docs/gates and provenance,cfb8e08f769bfe5cc2961e3a93421a8490cc9796,0a617413d95065762d015d97f2b38f604635af84486f38c4e741bc72167ca1f7,False,Exploratory r=0.9; never confirmatory
results/eeg/_invalid_config_r09_snapshot/docs/effective_kernel_theory.md,Gate 1,snapshot,INVALID_CONFIG,historical,see docs/gates and provenance,cfb8e08f769bfe5cc2961e3a93421a8490cc9796,ab7c1e55075abd3bb0ff522810b1bca54c7fc80b94f071b0dffa8275ec57a466,False,Exploratory r=0.9; never confirmatory
results/eeg/_invalid_config_r09_snapshot/effective_kernel_protocol_frozen.sha256,Gate 1,snapshot,INVALID_CONFIG,historical,see docs/gates and provenance,cfb8e08f769bfe5cc2961e3a93421a8490cc9796,b1442e6c64996b56386370077feb461491bb3296e24e9af5420757e9ef9dfdd7,False,Exploratory r=0.9; never confirmatory
results/eeg/_invalid_config_r09_snapshot/effective_kernel_symbolic.txt,Gate 1,snapshot,INVALID_CONFIG,historical,see docs/gates and provenance,cfb8e08f769bfe5cc2961e3a93421a8490cc9796,4ef6dd3c7c6258b53b19cfa6f744e1e836a526568d9ef736f61c789229ecffd8,False,Exploratory r=0.9; never confirmatory
results/eeg/_invalid_config_r09_snapshot/scripts/run_effective_kernel_theory_check.py,Gate 1,snapshot,INVALID_CONFIG,historical,see docs/gates and provenance,cfb8e08f769bfe5cc2961e3a93421a8490cc9796,55a6f92ed78c142187e085a4579313bb1e3669ebb09fb92c4c50b3d7ed7b5763,False,Exploratory r=0.9; never confirmatory
results/eeg/_invalid_config_r09_snapshot/theory_vs_sim_check.csv,Gate 1,snapshot,INVALID_CONFIG,historical,see docs/gates and provenance,cfb8e08f769bfe5cc2961e3a93421a8490cc9796,f945985ddfad0e90b1db1753e0211782b61192b6e9a8f0c8dd55a577203c4b5a,False,Exploratory r=0.9; never confirmatory
results/eeg/_invalid_config_r09_snapshot/theory_vs_sim_responses.npz,Gate 1,snapshot,INVALID_CONFIG,historical,see docs/gates and provenance,cfb8e08f769bfe5cc2961e3a93421a8490cc9796,e674d9bdad94ba5b3ac30e65e70290fcb85b00d5e4d668ca9131a7ae100e7f32,False,Exploratory r=0.9; never confirmatory
results/eeg/_prefix_snapshot/README.md,Gate 0,snapshot,snapshot,historical,see docs/gates and provenance,cfb8e08f769bfe5cc2961e3a93421a8490cc9796,af6493c8b29b209714256cf800cfbbebb1fa8f44ce12c4a5bac871e881554119,False,Preserved pre-change comparison
results/eeg/_prefix_snapshot/capacity_demand_regression_summary.csv,Gate 0,snapshot,snapshot,historical,see docs/gates and provenance,cfb8e08f769bfe5cc2961e3a93421a8490cc9796,e9c03837763e987dd7b1b64edd3f6941fbf9ae3cbcc97741e714b327498b7aa0,False,Preserved pre-change comparison
results/eeg/_prefix_snapshot/capacity_gain_regression_rows.csv,Gate 0,snapshot,snapshot,historical,see docs/gates and provenance,cfb8e08f769bfe5cc2961e3a93421a8490cc9796,a8e279234307fd7b175e8e2cd701bb8956fd84c66a22542999940136a3bd3383,False,Preserved pre-change comparison
results/eeg/_prefix_snapshot/linear_capacity.csv,Gate 0,snapshot,snapshot,historical,see docs/gates and provenance,cfb8e08f769bfe5cc2961e3a93421a8490cc9796,2b369fccd852116cf5a16884b1fe69200fb4d39bd4ca4bdb4dd580f6cb4a418b,False,Preserved pre-change comparison
results/eeg/_prefix_snapshot/overnight_summary.md,Gate 0,snapshot,snapshot,historical,see docs/gates and provenance,cfb8e08f769bfe5cc2961e3a93421a8490cc9796,6d28b93e52cd0ad5ecedfdc4fcb6f9092f98da26e331d27cb79162b3d5a9a3c2,False,Preserved pre-change comparison
results/eeg/_prefix_snapshot/quadratic_capacity.csv,Gate 0,snapshot,snapshot,historical,see docs/gates and provenance,cfb8e08f769bfe5cc2961e3a93421a8490cc9796,4f59e245ca75b59ece9832946779943f1fc98eccf9f0862f41a89f16b51a3f73,False,Preserved pre-change comparison
results/eeg/_prefix_snapshot/tab_eeg_contrasts.csv,Gate 0,snapshot,snapshot,historical,see docs/gates and provenance,cfb8e08f769bfe5cc2961e3a93421a8490cc9796,ff6ef3695040a70b93df19aba681e31e83deafd278ccb58fb28042b52b0c28d0,False,Preserved pre-change comparison
results/eeg/_prefix_snapshot/tab_eeg_endpoints.csv,Gate 0,snapshot,snapshot,historical,see docs/gates and provenance,cfb8e08f769bfe5cc2961e3a93421a8490cc9796,4cb8085e9fe12146ad319d9b07e46b196080d6eda8f6b8c7109a8857ba40edae,False,Preserved pre-change comparison
results/eeg/_prefix_snapshot/tab_esn_matched.csv,Gate 0,snapshot,snapshot,historical,see docs/gates and provenance,cfb8e08f769bfe5cc2961e3a93421a8490cc9796,eeeecdf0ab3dc0ff14a776ed91bdda47a05332e0d093775957c2a7f82a750038,False,Preserved pre-change comparison
results/eeg/_prefix_snapshot/tab_long_horizon_contrasts.csv,Gate 0,snapshot,snapshot,historical,see docs/gates and provenance,cfb8e08f769bfe5cc2961e3a93421a8490cc9796,28d565b9b56de1b4544ec8c63a894101978eaeacf6d8b84e0d71c19bdf662045,False,Preserved pre-change comparison
results/eeg/_prefix_snapshot_gate/PROVENANCE.md,Gate 0,snapshot,snapshot,historical,see docs/gates and provenance,cfb8e08f769bfe5cc2961e3a93421a8490cc9796,84031b93cfb6bae64d60e8e29fe4bf43ca0d500eaac7e7701b02771fd548dabe,False,Preserved pre-change comparison
results/eeg/_prefix_snapshot_gate/README.md,Gate 0,snapshot,snapshot,historical,see docs/gates and provenance,cfb8e08f769bfe5cc2961e3a93421a8490cc9796,4a8fdde65d332dfd512cb60f9c2471e8c9114ca6aa4dc3afec1965a39eaac92d,False,Preserved pre-change comparison
results/eeg/_prefix_snapshot_gate/bugfix_diff_report.md,Gate 0,snapshot,snapshot,historical,see docs/gates and provenance,cfb8e08f769bfe5cc2961e3a93421a8490cc9796,75b51f83ad2101480cc92c4b9c3597e10c64d59487ccb97f2f30e3b88f756aeb,False,Preserved pre-change comparison
results/eeg/_prefix_snapshot_gate/capacity_demand_regression_summary.csv,Gate 0,snapshot,snapshot,historical,see docs/gates and provenance,cfb8e08f769bfe5cc2961e3a93421a8490cc9796,7a88deb13c9e0d181179ea96dc2044c7b7307a60545b0d5f1c8fc8c5e54f56cd,False,Preserved pre-change comparison
results/eeg/_prefix_snapshot_gate/capacity_gain_regression_rows.csv,Gate 0,snapshot,snapshot,historical,see docs/gates and provenance,cfb8e08f769bfe5cc2961e3a93421a8490cc9796,6fdd0740003a22b40fbc113f650d03fb97cfb617c2bf09ce13296372c1f9c4b9,False,Preserved pre-change comparison
results/eeg/_prefix_snapshot_gate/fase1_diff_report.md,Gate 0,snapshot,snapshot,historical,see docs/gates and provenance,cfb8e08f769bfe5cc2961e3a93421a8490cc9796,14355257aa0b4dfac968f110142e05e5a781d2e7e7200c0c178eb174387e99dc,False,Preserved pre-change comparison
results/eeg/_prefix_snapshot_gate/hp_search_log.csv,Gate 0,snapshot,snapshot,historical,see docs/gates and provenance,cfb8e08f769bfe5cc2961e3a93421a8490cc9796,8cfb717a56a026832c6b84da7595b35de1f73f138a67c828670912df15f12bd1,False,Preserved pre-change comparison
results/eeg/_prefix_snapshot_gate/hp_search_log_esn66.csv,Gate 0,snapshot,snapshot,historical,see docs/gates and provenance,cfb8e08f769bfe5cc2961e3a93421a8490cc9796,e9cc9e0b5e71e32e19066b94025335d52efc4cae1c827ada93458db24634e24a,False,Preserved pre-change comparison
results/eeg/_prefix_snapshot_gate/hp_selected.json,Gate 0,snapshot,snapshot,historical,see docs/gates and provenance,cfb8e08f769bfe5cc2961e3a93421a8490cc9796,a98a1536db44f23612882bc7123b83058bc766f6ab1fc3cf1942989f803edc4a,False,Preserved pre-change comparison
results/eeg/_prefix_snapshot_gate/hp_selected_esn66.json,Gate 0,snapshot,snapshot,historical,see docs/gates and provenance,cfb8e08f769bfe5cc2961e3a93421a8490cc9796,d0946f4bd271ab313d0a4cea5cf0bc37ace469c8e3187f793d7cb6004811159d,False,Preserved pre-change comparison
results/eeg/_prefix_snapshot_gate/linear_capacity.csv,Gate 0,snapshot,snapshot,historical,see docs/gates and provenance,cfb8e08f769bfe5cc2961e3a93421a8490cc9796,974e4866cb40e3f70974de8f774f1d6f786b73cf82b8d82a8880e30eaf70cb93,False,Preserved pre-change comparison
results/eeg/_prefix_snapshot_gate/nonlinear_demand.csv,Gate 0,snapshot,snapshot,historical,see docs/gates and provenance,cfb8e08f769bfe5cc2961e3a93421a8490cc9796,7cc706eb10e06269722310b506d9a172e07b6980dabd7cd2810b4bdb8e6556ff,False,Preserved pre-change comparison
results/eeg/_prefix_snapshot_gate/overnight_summary.md,Gate 0,snapshot,snapshot,historical,see docs/gates and provenance,cfb8e08f769bfe5cc2961e3a93421a8490cc9796,6d28b93e52cd0ad5ecedfdc4fcb6f9092f98da26e331d27cb79162b3d5a9a3c2,False,Preserved pre-change comparison
results/eeg/_prefix_snapshot_gate/quadratic_capacity.csv,Gate 0,snapshot,snapshot,historical,see docs/gates and provenance,cfb8e08f769bfe5cc2961e3a93421a8490cc9796,f748932df62fd493b4dcebfd04e914d902676add15678134f440d3eae851a2c2,False,Preserved pre-change comparison
results/eeg/_prefix_snapshot_gate/raw/eeg_holdout_by_segment_seed.csv,Gate 0,snapshot,snapshot,historical,see docs/gates and provenance,cfb8e08f769bfe5cc2961e3a93421a8490cc9796,f98aba3f43582a7bb7e1ad91f74f8a551656bfc3fe0d8bd6a49c1c4276958974,False,Preserved pre-change comparison
results/eeg/_prefix_snapshot_gate/raw/eeg_holdout_esn66_by_segment_seed.csv,Gate 0,snapshot,snapshot,historical,see docs/gates and provenance,cfb8e08f769bfe5cc2961e3a93421a8490cc9796,031d45179ed65025e413ba6c228a3a1e2d6b7f261172238435d95d4cde86cea9,False,Preserved pre-change comparison
results/eeg/_prefix_snapshot_gate/run.log,Gate 0,snapshot,snapshot,historical,see docs/gates and provenance,cfb8e08f769bfe5cc2961e3a93421a8490cc9796,458fcd2113e45897ddf9aadaee7b782935a35983f37f05d0549b5f7b00c8a343,False,Preserved pre-change comparison
results/eeg/_prefix_snapshot_gate/run_bugfix.log,Gate 0,snapshot,snapshot,historical,see docs/gates and provenance,cfb8e08f769bfe5cc2961e3a93421a8490cc9796,79c5a36b7f4c6fcb4df630bf8920b2bbaee0cc1706a6dabb6fc164f5144feeda,False,Preserved pre-change comparison
results/eeg/_prefix_snapshot_gate/run_capacity.log,Gate 0,snapshot,snapshot,historical,see docs/gates and provenance,cfb8e08f769bfe5cc2961e3a93421a8490cc9796,e44fa812c7a2b40a408fc8dac30669aedce4d0be736d35bcfd94b284ffdc8810,False,Preserved pre-change comparison
results/eeg/_prefix_snapshot_gate/run_fase1.log,Gate 0,snapshot,snapshot,historical,see docs/gates and provenance,cfb8e08f769bfe5cc2961e3a93421a8490cc9796,a6ae15d4e4a4ac3f23e7c65988e55d2315141926da199bd576f3c1498e806c2e,False,Preserved pre-change comparison
results/eeg/_prefix_snapshot_gate/run_holdout.log,Gate 0,snapshot,snapshot,historical,see docs/gates and provenance,cfb8e08f769bfe5cc2961e3a93421a8490cc9796,d979e69b499511efd6a647a761a4d2383cf54e094d8f14b18496d968afc0bc45,False,Preserved pre-change comparison
results/eeg/_prefix_snapshot_gate/run_overnight.log,Gate 0,snapshot,snapshot,historical,see docs/gates and provenance,cfb8e08f769bfe5cc2961e3a93421a8490cc9796,473ed5a8097adfad43a77ce434679c1aae93ad12fd450d3366765c63dc2b00f3,False,Preserved pre-change comparison
results/eeg/_prefix_snapshot_gate/selected_alphas.csv,Gate 0,snapshot,snapshot,historical,see docs/gates and provenance,cfb8e08f769bfe5cc2961e3a93421a8490cc9796,304a0c675273294f09d45e6b7e43fc6c698d82a706b515356dcc357e794a5a52,False,Preserved pre-change comparison
results/eeg/_prefix_snapshot_gate/selected_alphas_esn66.csv,Gate 0,snapshot,snapshot,historical,see docs/gates and provenance,cfb8e08f769bfe5cc2961e3a93421a8490cc9796,230b52b265bbba2424df62e762d5fbe7b7524efac2e6721dc2fa2d7c6d1449c5,False,Preserved pre-change comparison
results/eeg/_prefix_snapshot_gate/tab_eeg_contrasts.csv,Gate 0,snapshot,snapshot,historical,see docs/gates and provenance,cfb8e08f769bfe5cc2961e3a93421a8490cc9796,1fe69a449c744f67de8f29bd5985be2e9f67e8144f3476abd7e5242a73a184bf,False,Preserved pre-change comparison
results/eeg/_prefix_snapshot_gate/tab_eeg_endpoints.csv,Gate 0,snapshot,snapshot,historical,see docs/gates and provenance,cfb8e08f769bfe5cc2961e3a93421a8490cc9796,d0e0c58f27ee28d8412302c5d303a6aa3d8e8a734c069176bb7551d6b9afd9f1,False,Preserved pre-change comparison
results/eeg/_prefix_snapshot_gate/tab_esn_matched.csv,Gate 0,snapshot,snapshot,historical,see docs/gates and provenance,cfb8e08f769bfe5cc2961e3a93421a8490cc9796,6e3f59feabd498ffffc5a19d42b3d0b494becb055ef120417ae771a891640acf,False,Preserved pre-change comparison
results/eeg/_prefix_snapshot_gate/tab_long_horizon_contrasts.csv,Gate 0,snapshot,snapshot,historical,see docs/gates and provenance,cfb8e08f769bfe5cc2961e3a93421a8490cc9796,e93f30a996b64b337a0af40805b09d7bc29ef17a0c7f39907492df6f5c20d566,False,Preserved pre-change comparison
results/eeg/_prefix_snapshot_hpselect/README.md,Gate 0,snapshot,snapshot,historical,see docs/gates and provenance,cfb8e08f769bfe5cc2961e3a93421a8490cc9796,e1373d4371be3599fa8ec8f185b78fba0450ec9a3ee32c61ace285cce9e582a4,False,Preserved pre-change comparison
results/eeg/_prefix_snapshot_hpselect/bugfix_diff_report.md,Gate 0,snapshot,snapshot,historical,see docs/gates and provenance,cfb8e08f769bfe5cc2961e3a93421a8490cc9796,75b51f83ad2101480cc92c4b9c3597e10c64d59487ccb97f2f30e3b88f756aeb,False,Preserved pre-change comparison
results/eeg/_prefix_snapshot_hpselect/capacity_demand_regression_summary.csv,Gate 0,snapshot,snapshot,historical,see docs/gates and provenance,cfb8e08f769bfe5cc2961e3a93421a8490cc9796,6701f7a3901caf7188887b0e83267b46378922970fd1210988bffe78506bfc4f,False,Preserved pre-change comparison
results/eeg/_prefix_snapshot_hpselect/capacity_gain_regression_rows.csv,Gate 0,snapshot,snapshot,historical,see docs/gates and provenance,cfb8e08f769bfe5cc2961e3a93421a8490cc9796,ed746863c1b002a582d7ea4b6888208ddcf9de8868e0792a228ab13e02aae154,False,Preserved pre-change comparison
results/eeg/_prefix_snapshot_hpselect/hp_search_log.csv,Gate 0,snapshot,snapshot,historical,see docs/gates and provenance,cfb8e08f769bfe5cc2961e3a93421a8490cc9796,32e765f71c74ecd144477f520a972abd9a7fb4f3efceb830598032f37d65a2fd,False,Preserved pre-change comparison
results/eeg/_prefix_snapshot_hpselect/hp_search_log_esn66.csv,Gate 0,snapshot,snapshot,historical,see docs/gates and provenance,cfb8e08f769bfe5cc2961e3a93421a8490cc9796,a89caf52341c5601955fb1f0c31bec3b4a76b17a678649dcac912e71a6e915fd,False,Preserved pre-change comparison
results/eeg/_prefix_snapshot_hpselect/hp_selected.json,Gate 0,snapshot,snapshot,historical,see docs/gates and provenance,cfb8e08f769bfe5cc2961e3a93421a8490cc9796,65afcb07d5895b944ba77f989b371bde67fbf78cc6224f1ee3167491d95d0a97,False,Preserved pre-change comparison
results/eeg/_prefix_snapshot_hpselect/hp_selected_esn66.json,Gate 0,snapshot,snapshot,historical,see docs/gates and provenance,cfb8e08f769bfe5cc2961e3a93421a8490cc9796,460836e684db8c2f4ff2f8eb91d72a2b4a168a6c64a01d69141aa54ee8743e9d,False,Preserved pre-change comparison
results/eeg/_prefix_snapshot_hpselect/linear_capacity.csv,Gate 0,snapshot,snapshot,historical,see docs/gates and provenance,cfb8e08f769bfe5cc2961e3a93421a8490cc9796,974e4866cb40e3f70974de8f774f1d6f786b73cf82b8d82a8880e30eaf70cb93,False,Preserved pre-change comparison
results/eeg/_prefix_snapshot_hpselect/nonlinear_demand.csv,Gate 0,snapshot,snapshot,historical,see docs/gates and provenance,cfb8e08f769bfe5cc2961e3a93421a8490cc9796,7cc706eb10e06269722310b506d9a172e07b6980dabd7cd2810b4bdb8e6556ff,False,Preserved pre-change comparison
results/eeg/_prefix_snapshot_hpselect/overnight_summary.md,Gate 0,snapshot,snapshot,historical,see docs/gates and provenance,cfb8e08f769bfe5cc2961e3a93421a8490cc9796,6d28b93e52cd0ad5ecedfdc4fcb6f9092f98da26e331d27cb79162b3d5a9a3c2,False,Preserved pre-change comparison
results/eeg/_prefix_snapshot_hpselect/quadratic_capacity.csv,Gate 0,snapshot,snapshot,historical,see docs/gates and provenance,cfb8e08f769bfe5cc2961e3a93421a8490cc9796,f748932df62fd493b4dcebfd04e914d902676add15678134f440d3eae851a2c2,False,Preserved pre-change comparison
results/eeg/_prefix_snapshot_hpselect/raw/eeg_holdout_by_segment_seed.csv,Gate 0,snapshot,snapshot,historical,see docs/gates and provenance,cfb8e08f769bfe5cc2961e3a93421a8490cc9796,fa2758886f462845596f132c653f89363f762a78d89e038a06c4c36c874bea82,False,Preserved pre-change comparison
results/eeg/_prefix_snapshot_hpselect/raw/eeg_holdout_esn66_by_segment_seed.csv,Gate 0,snapshot,snapshot,historical,see docs/gates and provenance,cfb8e08f769bfe5cc2961e3a93421a8490cc9796,9e945bff155e1f907c6792290c8da489843a885af1a6f2a098c16db623ae0a2e,False,Preserved pre-change comparison
results/eeg/_prefix_snapshot_hpselect/selected_alphas.csv,Gate 0,snapshot,snapshot,historical,see docs/gates and provenance,cfb8e08f769bfe5cc2961e3a93421a8490cc9796,2c916f4e7a7abe4663538c080801b329d4a1b2a1928be3aff76f68ab63fa2e58,False,Preserved pre-change comparison
results/eeg/_prefix_snapshot_hpselect/tab_eeg_contrasts.csv,Gate 0,snapshot,snapshot,historical,see docs/gates and provenance,cfb8e08f769bfe5cc2961e3a93421a8490cc9796,7f5d280ec7249ab268faad8b7778cdf44c88eb7eac48d1022ec8c9d140c5517e,False,Preserved pre-change comparison
results/eeg/_prefix_snapshot_hpselect/tab_eeg_endpoints.csv,Gate 0,snapshot,snapshot,historical,see docs/gates and provenance,cfb8e08f769bfe5cc2961e3a93421a8490cc9796,cbd42786156f656e3b2547fee7f9735d601256921c72b09a9d8e637a1ab40652,False,Preserved pre-change comparison
results/eeg/_prefix_snapshot_hpselect/tab_esn_matched.csv,Gate 0,snapshot,snapshot,historical,see docs/gates and provenance,cfb8e08f769bfe5cc2961e3a93421a8490cc9796,950af895b414dba21a7d68e48f12fd0f6ece3491bf6ce79ca940503a2c6bb4c1,False,Preserved pre-change comparison
results/eeg/_prefix_snapshot_hpselect/tab_long_horizon_contrasts.csv,Gate 0,snapshot,snapshot,historical,see docs/gates and provenance,cfb8e08f769bfe5cc2961e3a93421a8490cc9796,f3a936d8699bb46606e400511b3f41989803470a1803d7f1a6559dbb13e26562,False,Preserved pre-change comparison
results/eeg/bugfix_diff_report.md,Legacy,legacy,legacy,historical,see docs/gates and provenance,cfb8e08f769bfe5cc2961e3a93421a8490cc9796,75b51f83ad2101480cc92c4b9c3597e10c64d59487ccb97f2f30e3b88f756aeb,False,Retained for audit; not final evidence
results/eeg/capacity_demand_regression_summary.csv,Repository,support,derived,various,see docs/gates and provenance,cfb8e08f769bfe5cc2961e3a93421a8490cc9796,52d0944d2bd83843ea78b4d7af74064f40023f57691f70bf1b0890b8b1bcf622,False,Supporting artifact
results/eeg/capacity_gain_regression_rows.csv,Repository,support,derived,various,see docs/gates and provenance,cfb8e08f769bfe5cc2961e3a93421a8490cc9796,67aa842ee0167e059de3d09acd6230cb079e289da1d226c4c877da488bb55322,False,Supporting artifact
results/eeg/effective_kernel_protocol_frozen.sha256,Gate 1,protocol_or_theory,canonical,see provenance,see docs/gates and provenance,cfb8e08f769bfe5cc2961e3a93421a8490cc9796,080a7738fc73cffa03d1a9d6a2a6ac5127fe37c5a30c5507c3c023cc9382f80f,True,Frozen or canonical gate artifact
results/eeg/effective_kernel_symbolic.txt,Gate 1,protocol_or_theory,canonical,see provenance,see docs/gates and provenance,cfb8e08f769bfe5cc2961e3a93421a8490cc9796,0ab059737be8f8b0a9e239d32af3f43443313d54e944ffab36afbc9ea60eb6a6,True,Frozen or canonical gate artifact
results/eeg/fase1_diff_report.md,Legacy,legacy,legacy,historical,see docs/gates and provenance,cfb8e08f769bfe5cc2961e3a93421a8490cc9796,14355257aa0b4dfac968f110142e05e5a781d2e7e7200c0c178eb174387e99dc,False,Retained for audit; not final evidence
results/eeg/gate1b_robustness/amplitude_sweep.csv,Repository,support,derived,various,see docs/gates and provenance,cfb8e08f769bfe5cc2961e3a93421a8490cc9796,deaa64bb92496fc8e67a50109ea5c2210375b9b0593a418f7d3d2a4e81d6144b,False,Supporting artifact
results/eeg/gate1b_robustness/metadata.json,Repository,support,derived,various,see docs/gates and provenance,cfb8e08f769bfe5cc2961e3a93421a8490cc9796,b8f772e359efe5f7e0ce76e99ee0b85c412c7daa6fc99c4bec027f0f965ffc9b,False,Supporting artifact
results/eeg/gate1b_robustness/metrics_by_configuration.csv,Repository,support,derived,various,see docs/gates and provenance,cfb8e08f769bfe5cc2961e3a93421a8490cc9796,948929e502a6e33dc65d1de05c7033f0df03a0b8e28b64a4612194f949e4e0db,False,Supporting artifact
results/eeg/gate1b_robustness/report.md,Repository,support,derived,various,see docs/gates and provenance,cfb8e08f769bfe5cc2961e3a93421a8490cc9796,6dab14bb48200f02702a34e272760557d1749d66c8fb06fb25114b55db372d94,False,Supporting artifact
results/eeg/gate1b_robustness/spectrum_by_configuration.csv,Repository,support,derived,various,see docs/gates and provenance,cfb8e08f769bfe5cc2961e3a93421a8490cc9796,def0b13e2b787d8038e966cfbaead61f1dcfd45be3ebfdb7f55616240c18bdab,False,Supporting artifact
results/eeg/gate1b_robustness/summary.csv,Repository,support,derived,various,see docs/gates and provenance,cfb8e08f769bfe5cc2961e3a93421a8490cc9796,c29e0f362c89140ce550768f4304c084774a287c87980bfc9562b8200b11f4d6,False,Supporting artifact
results/eeg/gate3_metadata.json,Gate 3,report_or_metadata,canonical,see provenance,see docs/gates and provenance,cfb8e08f769bfe5cc2961e3a93421a8490cc9796,7f2fad9ecf6822231cb39403633a8ccc0dbba442a82aa390c43bf52856313729,True,Frozen or canonical gate artifact
results/eeg/gate3_report.md,Gate 3,report_or_metadata,canonical,see provenance,see docs/gates and provenance,cfb8e08f769bfe5cc2961e3a93421a8490cc9796,656757e6679a4fc29a3717d0e718071ea7e228f0fba0c68505aeae91f9adb2e8,True,Frozen or canonical gate artifact
results/eeg/gate_classical_selected_hp.csv,Gate 0,eeg_gate_result,canonical,see provenance,see docs/gates and provenance,cfb8e08f769bfe5cc2961e3a93421a8490cc9796,99ab456afe5d2bef5b72d9caef4fe2f21bf746c2bafdc7b35f10474a8292d81c,True,Frozen or canonical gate artifact
results/eeg/gate_interactions.csv,Gate 0,eeg_gate_result,canonical,see provenance,see docs/gates and provenance,cfb8e08f769bfe5cc2961e3a93421a8490cc9796,83cfc142cce77cd4e77c35f6630ab23e1bf3352e1d3821c3567d41cd3dd70366,True,Frozen or canonical gate artifact
results/eeg/gate_nrmse_curves.csv,Gate 0,eeg_gate_result,canonical,see provenance,see docs/gates and provenance,cfb8e08f769bfe5cc2961e3a93421a8490cc9796,815b8da72f1339fb23ea7dd5d21ef036f759261fddbbd971644152cc4aa49d2a,True,Frozen or canonical gate artifact
results/eeg/gate_report.md,Gate 0,eeg_gate_result,canonical,see provenance,see docs/gates and provenance,cfb8e08f769bfe5cc2961e3a93421a8490cc9796,9f1d7717c4061ee31ee19e0dc9f666a27d1c7ec9a7c743bba56a8f8820c79247,True,Frozen or canonical gate artifact
results/eeg/gate_report_frozen.sha256,Gate 0,eeg_gate_result,canonical,see provenance,see docs/gates and provenance,cfb8e08f769bfe5cc2961e3a93421a8490cc9796,ec5ed31231a0a6fc0d959601d4f2a0cd7740c068f5674a1467e84a68989893a7,True,Frozen or canonical gate artifact
results/eeg/hp_search_log.csv,Repository,support,derived,various,see docs/gates and provenance,cfb8e08f769bfe5cc2961e3a93421a8490cc9796,a4c4af3e7bf94a18e6a8427ab895a889a7ac725e477e2fbcff23e09140d9842a,False,Supporting artifact
results/eeg/hp_search_log_esn66.csv,Repository,support,derived,various,see docs/gates and provenance,cfb8e08f769bfe5cc2961e3a93421a8490cc9796,fcfdf9e4cf75b5877a59ef4d07171d9312b4f35312d64645ab4bfd249a5b2ac0,False,Supporting artifact
results/eeg/hp_selected.json,Repository,support,derived,various,see docs/gates and provenance,cfb8e08f769bfe5cc2961e3a93421a8490cc9796,d5f0ebcf283df39505ad9dd3985f4c5c0f1c7a16518b20f4faac64a36db64da1,False,Supporting artifact
results/eeg/hp_selected_esn66.json,Repository,support,derived,various,see docs/gates and provenance,cfb8e08f769bfe5cc2961e3a93421a8490cc9796,6dd6609f2ed2a61b640167ad55b19693814be8761f33fd03953a67fcd4c9bdf5,False,Supporting artifact
results/eeg/linear_capacity.csv,Repository,support,derived,various,see docs/gates and provenance,cfb8e08f769bfe5cc2961e3a93421a8490cc9796,f5f188717ef144516c06fddffdc9be035991ac9eac0cf77b01e8f8eb93e9c69c,False,Supporting artifact
results/eeg/nonlinear_demand.csv,Repository,support,derived,various,see docs/gates and provenance,cfb8e08f769bfe5cc2961e3a93421a8490cc9796,7cc706eb10e06269722310b506d9a172e07b6980dabd7cd2810b4bdb8e6556ff,False,Supporting artifact
results/eeg/overnight_summary.md,Legacy,legacy,legacy,historical,see docs/gates and provenance,cfb8e08f769bfe5cc2961e3a93421a8490cc9796,6d28b93e52cd0ad5ecedfdc4fcb6f9092f98da26e331d27cb79162b3d5a9a3c2,False,Retained for audit; not final evidence
results/eeg/quadratic_capacity.csv,Repository,support,derived,various,see docs/gates and provenance,cfb8e08f769bfe5cc2961e3a93421a8490cc9796,d28e9dd4ee43987ed54d81364c58dc3726aeb07d82d99cc9bdb7def46695a8e4,False,Supporting artifact
results/eeg/raw/eeg_gate_classical_by_segment_seed.csv,Gate 0,eeg_gate_result,canonical,see provenance,see docs/gates and provenance,cfb8e08f769bfe5cc2961e3a93421a8490cc9796,07006b67959c6c01daf359888ad56e7608a2698c749e8e3f661dde4a592ea80f,True,Frozen or canonical gate artifact
results/eeg/raw/eeg_holdout_by_segment_seed.csv,Repository,support,derived,various,see docs/gates and provenance,cfb8e08f769bfe5cc2961e3a93421a8490cc9796,4d3622a86e3d35f7d058474cd9489cd651dbd5e082b44a8359c6c61ee4132f5b,False,Supporting artifact
results/eeg/raw/eeg_holdout_esn66_by_segment_seed.csv,Repository,support,derived,various,see docs/gates and provenance,cfb8e08f769bfe5cc2961e3a93421a8490cc9796,a562610596e5f335277f9d97910d2388744eee2b942a543f8137a43a699662ce,False,Supporting artifact
results/eeg/run.log,Legacy,legacy,legacy,historical,see docs/gates and provenance,cfb8e08f769bfe5cc2961e3a93421a8490cc9796,458fcd2113e45897ddf9aadaee7b782935a35983f37f05d0549b5f7b00c8a343,False,Retained for audit; not final evidence
results/eeg/run_bugfix.log,Legacy,legacy,legacy,historical,see docs/gates and provenance,cfb8e08f769bfe5cc2961e3a93421a8490cc9796,79c5a36b7f4c6fcb4df630bf8920b2bbaee0cc1706a6dabb6fc164f5144feeda,False,Retained for audit; not final evidence
results/eeg/run_capacity.log,Repository,support,derived,various,see docs/gates and provenance,cfb8e08f769bfe5cc2961e3a93421a8490cc9796,e44fa812c7a2b40a408fc8dac30669aedce4d0be736d35bcfd94b284ffdc8810,False,Supporting artifact
results/eeg/run_fase1.log,Legacy,legacy,legacy,historical,see docs/gates and provenance,cfb8e08f769bfe5cc2961e3a93421a8490cc9796,a6ae15d4e4a4ac3f23e7c65988e55d2315141926da199bd576f3c1498e806c2e,False,Retained for audit; not final evidence
results/eeg/run_gate.log,Repository,support,derived,various,see docs/gates and provenance,cfb8e08f769bfe5cc2961e3a93421a8490cc9796,db240dab187e19c556acac18a28b5be1fe9daad94ebeac76bc87844068cf1577,False,Supporting artifact
results/eeg/run_holdout.log,Repository,support,derived,various,see docs/gates and provenance,cfb8e08f769bfe5cc2961e3a93421a8490cc9796,d979e69b499511efd6a647a761a4d2383cf54e094d8f14b18496d968afc0bc45,False,Supporting artifact
results/eeg/run_overnight.log,Legacy,legacy,legacy,historical,see docs/gates and provenance,cfb8e08f769bfe5cc2961e3a93421a8490cc9796,473ed5a8097adfad43a77ce434679c1aae93ad12fd450d3366765c63dc2b00f3,False,Retained for audit; not final evidence
results/eeg/selected_alphas.csv,Repository,support,derived,various,see docs/gates and provenance,cfb8e08f769bfe5cc2961e3a93421a8490cc9796,f5edaaf4033fa16521f995b4c23c9ff4b5ab5929b5a6a9d92eaf41ddd8d437a2,False,Supporting artifact
results/eeg/selected_alphas_esn66.csv,Repository,support,derived,various,see docs/gates and provenance,cfb8e08f769bfe5cc2961e3a93421a8490cc9796,05255fc342ab7fbafad914caf55000afe452aee5bac09a3fb3e9883511e618ec,False,Supporting artifact
results/eeg/shot_baseline_reproduction.csv,Gate 3,shot_result,canonical,see provenance,see docs/gates and provenance,cfb8e08f769bfe5cc2961e3a93421a8490cc9796,1bd8ba3e161827f9bde80ed590704c765d31460e169787274792c948a47c09f2,True,Frozen or canonical gate artifact
results/eeg/shot_baseline_reproduction_status.json,Gate 3,shot_result,canonical,see provenance,see docs/gates and provenance,cfb8e08f769bfe5cc2961e3a93421a8490cc9796,c4c2a3ba1ef6aca267cf3647390a1ee97751c7c0b980ac6257d43c81405c77f3,True,Frozen or canonical gate artifact
results/eeg/shot_sensitivity_by_stratum.csv,Gate 3,shot_result,canonical,see provenance,see docs/gates and provenance,cfb8e08f769bfe5cc2961e3a93421a8490cc9796,0c437adc213c04ae2d7bf24c3cf5f7a43af574a842e901d35280a0732bc0d7f2,True,Frozen or canonical gate artifact
results/eeg/shot_sensitivity_classification.csv,Gate 3,shot_result,canonical,see provenance,see docs/gates and provenance,cfb8e08f769bfe5cc2961e3a93421a8490cc9796,94ff3e6c669062eefccf0776aa7b72f98b4c70306083649525ae382a1732318b,True,Frozen or canonical gate artifact
results/eeg/shot_sensitivity_contrasts.csv,Gate 3,shot_result,canonical,see provenance,see docs/gates and provenance,cfb8e08f769bfe5cc2961e3a93421a8490cc9796,cb993f7761eb22508de87e37b081942fbed10cc28d70bc253c19645b91d87ede,True,Frozen or canonical gate artifact
results/eeg/shot_sensitivity_exact_full.csv,Gate 3,shot_result,canonical,see provenance,see docs/gates and provenance,cfb8e08f769bfe5cc2961e3a93421a8490cc9796,5517a6d13b802e22287761a86e3a9dd5764ff645df4d475cf8153567746fd474,True,Frozen or canonical gate artifact
results/eeg/shot_sensitivity_raw.csv,Gate 3,shot_result,canonical,see provenance,see docs/gates and provenance,cfb8e08f769bfe5cc2961e3a93421a8490cc9796,211ced0d4809347b4cebd6f663569d78600956a5fcd5b81e08a7d4c9de11ca28,True,Frozen or canonical gate artifact
results/eeg/shot_sensitivity_strata_classification.csv,Gate 3,shot_result,canonical,see provenance,see docs/gates and provenance,cfb8e08f769bfe5cc2961e3a93421a8490cc9796,776557a5c25a958b5a186f1db0ab94a96b8080cf6f9bfb7875254cb592b8fcbf,True,Frozen or canonical gate artifact
results/eeg/shot_sensitivity_summary.csv,Gate 3,shot_result,canonical,see provenance,see docs/gates and provenance,cfb8e08f769bfe5cc2961e3a93421a8490cc9796,14edc0e2643cff985955cc44c883620dc2ab50c7a63df8e59f8bbd63da743a1c,True,Frozen or canonical gate artifact
results/eeg/shot_sensitivity_tail_analysis.csv,Gate 3,shot_result,canonical,see provenance,see docs/gates and provenance,cfb8e08f769bfe5cc2961e3a93421a8490cc9796,f45acdffbb6b052d0992d62abaa89b3a9e329d72180687e029295e71d6a49f24,True,Frozen or canonical gate artifact
results/eeg/tab_eeg_contrasts.csv,Repository,support,derived,various,see docs/gates and provenance,cfb8e08f769bfe5cc2961e3a93421a8490cc9796,f05a76c2a213193b7bb43664032effeb9507849cfc33adeefbea39d55fec68d2,False,Supporting artifact
results/eeg/tab_eeg_endpoints.csv,Repository,support,derived,various,see docs/gates and provenance,cfb8e08f769bfe5cc2961e3a93421a8490cc9796,28b29f12b256a705764eb12d2b9f8de2b6909c52da1d6ffbb266df2116f2a5d0,False,Supporting artifact
results/eeg/tab_esn_matched.csv,Repository,support,derived,various,see docs/gates and provenance,cfb8e08f769bfe5cc2961e3a93421a8490cc9796,d8d73f55ccd9438a81f08e368060db795a65e3958f057912dac4d9cc3148c5f1,False,Supporting artifact
results/eeg/tab_long_horizon_contrasts.csv,Repository,support,derived,various,see docs/gates and provenance,cfb8e08f769bfe5cc2961e3a93421a8490cc9796,78b2d3a87a4ff24fc56fcad70a9fe6999cb6cde829ac6d324c50c02d457e106e,False,Supporting artifact
results/eeg/theory_linearity_sweep.csv,Repository,support,derived,various,see docs/gates and provenance,cfb8e08f769bfe5cc2961e3a93421a8490cc9796,590b20096903d34dd1684eeb9ecc04ce64cabcf38279fa3a064e9f705e2fab55,False,Supporting artifact
results/eeg/theory_vs_sim_check.csv,Gate 1,confirmatory,canonical,see provenance,see docs/gates and provenance,cfb8e08f769bfe5cc2961e3a93421a8490cc9796,9ffc76d4ed8c911224696314ea2aaa4235e9ba65ae73da38d20d36dc5b8413d0,True,Frozen or canonical gate artifact
results/eeg/theory_vs_sim_metadata.json,Gate 1,confirmatory,canonical,see provenance,see docs/gates and provenance,cfb8e08f769bfe5cc2961e3a93421a8490cc9796,ef03f27500216d0f3f6c9d540401dce50de5bb87a4af0bda30b003cdea59b01a,True,Frozen or canonical gate artifact
results/eeg/theory_vs_sim_responses.npz,Gate 1,confirmatory,canonical,see provenance,see docs/gates and provenance,cfb8e08f769bfe5cc2961e3a93421a8490cc9796,074eecd3d7006c80e4537c502bd7e0c3ec0c297fb4c2f6a0103da8e6b2f20e55,True,Frozen or canonical gate artifact
results/eeg/useful_horizon.csv,Repository,support,derived,various,see docs/gates and provenance,cfb8e08f769bfe5cc2961e3a93421a8490cc9796,d01e8d4a49601d57d11e3474283d251f890a3c0482dfbe08bf1c803b969ad58d,False,Supporting artifact
results/eeg/useful_horizon_v2.csv,Gate 0,eeg_gate_result,canonical,see provenance,see docs/gates and provenance,cfb8e08f769bfe5cc2961e3a93421a8490cc9796,ed5c669117a739a8e0abd75668adb31c01ad74192e6dd3690c4daaa898e43f67,True,Frozen or canonical gate artifact
results/final/README.md,Stage 4,derived_release,canonical,scripts/build_repository_release.py,see docs/gates and provenance,cfb8e08f769bfe5cc2961e3a93421a8490cc9796,a6083345ad29ba100cf6b6d6f09046b7a543685a527c584a2bc5a18e36533f8c,True,Derived from frozen sources
results/final/claims_registry.csv,Stage 4,derived_release,canonical,scripts/build_repository_release.py,see docs/gates and provenance,cfb8e08f769bfe5cc2961e3a93421a8490cc9796,17f38562c5ca3055a12c76326d49a1290c97f25c5c7a2cb58baa779e5e487641,True,Derived from frozen sources
results/final/key_results.csv,Stage 4,derived_release,canonical,scripts/build_repository_release.py,see docs/gates and provenance,cfb8e08f769bfe5cc2961e3a93421a8490cc9796,af91f8b09df214e7e23baf075a51cc6060b5518529e65e61f5b980f303843160,True,Derived from frozen sources
results/final/key_results.json,Stage 4,derived_release,canonical,scripts/build_repository_release.py,see docs/gates and provenance,cfb8e08f769bfe5cc2961e3a93421a8490cc9796,f6188fa5c7f35fd843ff3b5ce5b007f3ed020e64f77b77062baad95c858098e0,True,Derived from frozen sources
results/final/repository_preflight.json,Stage 4,derived_release,canonical,scripts/build_repository_release.py,see docs/gates and provenance,cfb8e08f769bfe5cc2961e3a93421a8490cc9796,2a9277c98e8cae6cb6c0d3959c8ce17e4cb56f03514e319ab07ba1985befd3df,True,Derived from frozen sources
results/final/table_eeg_interactions.csv,Stage 4,derived_release,canonical,scripts/build_repository_release.py,see docs/gates and provenance,cfb8e08f769bfe5cc2961e3a93421a8490cc9796,aa13db270611f8ec276e15f8670deb30080d9c8a74e561102a025749420a204b,True,Derived from frozen sources
results/final/table_negative_null_results.csv,Stage 4,derived_release,canonical,scripts/build_repository_release.py,see docs/gates and provenance,cfb8e08f769bfe5cc2961e3a93421a8490cc9796,1a72269445a51093ee3245ec81ea437d879caa85bf2cd8e43f4882ea3855fc03,True,Derived from frozen sources
results/final/table_physical_resources.csv,Stage 4,derived_release,canonical,scripts/build_repository_release.py,see docs/gates and provenance,cfb8e08f769bfe5cc2961e3a93421a8490cc9796,5421daa1897482a4cfd4c60b67c87af7b13abc8ed7688e1f9f457f40e4d14ea4,True,Derived from frozen sources
results/final/table_shot_sensitivity.csv,Stage 4,derived_release,canonical,scripts/build_repository_release.py,see docs/gates and provenance,cfb8e08f769bfe5cc2961e3a93421a8490cc9796,4c79c7196fff6ba3d73414fe539866785cd5755f3add2b310e1df5db24975cdf,True,Derived from frozen sources
results/final/table_synthetic_validation.csv,Stage 4,derived_release,canonical,scripts/build_repository_release.py,see docs/gates and provenance,cfb8e08f769bfe5cc2961e3a93421a8490cc9796,bdb1e2638b10609044805287adc3fd8965ba13b40e46bc21291e2aa3d99d87c5,True,Derived from frozen sources
results/final/table_useful_horizon.csv,Stage 4,derived_release,canonical,scripts/build_repository_release.py,see docs/gates and provenance,cfb8e08f769bfe5cc2961e3a93421a8490cc9796,a281a5fc1e8859c3c1df5bd0119c2fbde442656983497e7905b1071d0d85adbc,True,Derived from frozen sources
results/resources/README.md,Gate 3,resource_result,canonical,see provenance,see docs/gates and provenance,cfb8e08f769bfe5cc2961e3a93421a8490cc9796,276e40e517a0d397c7a69e304dedad4e33a35192bcde87f9f076299681eae114,True,Frozen or canonical gate artifact
results/resources/gate3_protocol_frozen.sha256,Gate 3,report_or_metadata,canonical,see provenance,see docs/gates and provenance,cfb8e08f769bfe5cc2961e3a93421a8490cc9796,a2cb2eafa27aacbeef33543852048097391a92dcaad0bc8c44b0fb38138e8d05,True,Frozen or canonical gate artifact
results/resources/qrc_resource_table.csv,Gate 3,resource_result,canonical,see provenance,see docs/gates and provenance,cfb8e08f769bfe5cc2961e3a93421a8490cc9796,5421daa1897482a4cfd4c60b67c87af7b13abc8ed7688e1f9f457f40e4d14ea4,True,Frozen or canonical gate artifact
results/synth/README.md,Gate 2,synthetic_result,canonical,see provenance,see docs/gates and provenance,cfb8e08f769bfe5cc2961e3a93421a8490cc9796,f4dc2c724d23225ed8a970d1e52dfe08cb9e35933a2b3e46004c98a014eeb61c,True,Frozen or canonical gate artifact
results/synth/gate2_postgate_sensitivity.csv,Gate 2,synthetic_result,canonical,see provenance,see docs/gates and provenance,cfb8e08f769bfe5cc2961e3a93421a8490cc9796,e3e9a5c8842ab1ea8b86918fd5a90734eb9ab9c26247d8948505ea10adc893fc,True,Frozen or canonical gate artifact
results/synth/gate2_report.md,Gate 2,synthetic_result,canonical,see provenance,see docs/gates and provenance,cfb8e08f769bfe5cc2961e3a93421a8490cc9796,9ac5785588d80a369d1761255ba772b10b32a40dbb49c502054f859236d3a2a2,True,Frozen or canonical gate artifact
results/synth/measured_forecasts_raw.csv,Gate 2,synthetic_result,canonical,see provenance,see docs/gates and provenance,cfb8e08f769bfe5cc2961e3a93421a8490cc9796,5e4d06026ef72d79bbc2c37407fbff036be8020ef7562ee5d7024bd360c61a20,True,Frozen or canonical gate artifact
results/synth/stage2_metadata.json,Gate 2,synthetic_result,canonical,see provenance,see docs/gates and provenance,cfb8e08f769bfe5cc2961e3a93421a8490cc9796,a114a7e645725212f40b4b23c474a5d6f514a23d8d6547bc1c90c5a23f5b696e,True,Frozen or canonical gate artifact
results/synth/stage2_model_dynamics.csv,Gate 2,synthetic_result,canonical,see provenance,see docs/gates and provenance,cfb8e08f769bfe5cc2961e3a93421a8490cc9796,a82f01f14ed2e595488cececd2bacb7d11fb447649bd0a02d651b939ddbe80b3,True,Frozen or canonical gate artifact
results/synth/stage2_predictions_frozen.sha256,Gate 2,synthetic_result,canonical,see provenance,see docs/gates and provenance,cfb8e08f769bfe5cc2961e3a93421a8490cc9796,b83f922b0f90a848d71781ca7ff2cc2fc3da5d3f259cf153460cf843ad3a5c36,True,Frozen or canonical gate artifact
results/synth/stage2_protocol_frozen.sha256,Gate 2,synthetic_result,canonical,see provenance,see docs/gates and provenance,cfb8e08f769bfe5cc2961e3a93421a8490cc9796,468df3591d5326e9d453507b468d64dc51a70c21bcfa4c664ce374df71501ed9,True,Frozen or canonical gate artifact
results/synth/theory_predictions_frozen.csv,Gate 2,synthetic_result,canonical,see provenance,see docs/gates and provenance,cfb8e08f769bfe5cc2961e3a93421a8490cc9796,161722b20657f897fd29644854bd5b494f88b970276091ccc7b9fb6befbd700f,True,Frozen or canonical gate artifact
results/synth/theory_predictions_raw.csv,Gate 2,synthetic_result,canonical,see provenance,see docs/gates and provenance,cfb8e08f769bfe5cc2961e3a93421a8490cc9796,f2f368a388e91333f3ff5d3636047f5ef8cecf687556ecca8f522b8794e259f4,True,Frozen or canonical gate artifact
results/synth/theory_predictions_vs_measured.csv,Gate 2,synthetic_result,canonical,see provenance,see docs/gates and provenance,cfb8e08f769bfe5cc2961e3a93421a8490cc9796,a67c77f0bca210eabbf627759af3047c2f657b5cb065506423c28b8b0bc4008d,True,Frozen or canonical gate artifact
results/synth/theory_vs_measured_curves.csv,Gate 2,synthetic_result,canonical,see provenance,see docs/gates and provenance,cfb8e08f769bfe5cc2961e3a93421a8490cc9796,eee138b7df0e5d5336e5d1da4aa782e0c8b5eaf098ecdeaff5f2f4ce186be10f,True,Frozen or canonical gate artifact
scripts/append_overnight_provenance.py,Legacy,legacy,legacy,historical,see docs/gates and provenance,cfb8e08f769bfe5cc2961e3a93421a8490cc9796,5afbbc283564731edaa0e5d71cf84ed487db3aa504eb25df8489e3cb06a4e43e,False,Retained for audit; not final evidence
scripts/build_repository_release.py,Repository,support,derived,various,see docs/gates and provenance,cfb8e08f769bfe5cc2961e3a93421a8490cc9796,919d2a9781bae924d5455f0ccaeb2b09e323649c8ab564ed02904205c52e024b,False,Supporting artifact
scripts/capture_legacy_alphas.py,Repository,support,derived,various,see docs/gates and provenance,cfb8e08f769bfe5cc2961e3a93421a8490cc9796,4ae473e79bf2612016cbe5a63567d530bc0dd72cd14d13c266cb7491b19d9d5a,False,Supporting artifact
scripts/fetch_eeg.py,Repository,support,derived,various,see docs/gates and provenance,cfb8e08f769bfe5cc2961e3a93421a8490cc9796,7a749d487b186c3472c111b681a078e859fb165318b6c5529cf1c7e20eece5a5,False,Supporting artifact
scripts/github_api.py,Repository,support,derived,various,see docs/gates and provenance,cfb8e08f769bfe5cc2961e3a93421a8490cc9796,f51ee734df0772af40acda4f40f283ea5071f6284b914ab137c00508aaaf1418,False,Supporting artifact
scripts/make_bugfix_diff_report.py,Legacy,legacy,legacy,historical,see docs/gates and provenance,cfb8e08f769bfe5cc2961e3a93421a8490cc9796,683de1ebf54334db980b9ae5604ea8501b3eb93248eaaa02921b4a76bc5f7652,False,Retained for audit; not final evidence
scripts/make_fase1_diff_report.py,Legacy,legacy,legacy,historical,see docs/gates and provenance,cfb8e08f769bfe5cc2961e3a93421a8490cc9796,2d79455065cb5afc275cb760b7e2e4d011cc5e76cec92d2480870f607aa5eef7,False,Retained for audit; not final evidence
scripts/make_final_figures.py,Repository,support,derived,various,see docs/gates and provenance,cfb8e08f769bfe5cc2961e3a93421a8490cc9796,b0765dc61f9520f573913b2f20ca5171318cf4ed96a9f21faceedf9be6caeafa,False,Supporting artifact
scripts/make_gate1b_figure.py,Repository,support,derived,various,see docs/gates and provenance,cfb8e08f769bfe5cc2961e3a93421a8490cc9796,5eae6eb773fc6559f878b918325b92b81269d3c56a187b795b8ead877ee3a6a1,False,Supporting artifact
scripts/make_gate2_postgate_addendum.py,Gate 0,eeg_gate_result,canonical,see provenance,see docs/gates and provenance,cfb8e08f769bfe5cc2961e3a93421a8490cc9796,ce9a857215872cbe72d00d2b7407d23d419c9ad6d27a40d199bfd696e9316800,True,Frozen or canonical gate artifact
scripts/make_gate_report.py,Gate 0,eeg_gate_result,canonical,see provenance,see docs/gates and provenance,cfb8e08f769bfe5cc2961e3a93421a8490cc9796,d4b69ba89fb5cec32e87bc91a171e31270636852221916de6c57205d7b166387,True,Frozen or canonical gate artifact
scripts/make_physical_resource_table.py,Repository,support,derived,various,see docs/gates and provenance,cfb8e08f769bfe5cc2961e3a93421a8490cc9796,ad7146ac9266ebdbadb52652f2d443e3a48d3e5e482ffae854d49aedafad28ba,False,Supporting artifact
scripts/make_provenance.py,Repository,support,derived,various,see docs/gates and provenance,cfb8e08f769bfe5cc2961e3a93421a8490cc9796,1bdcd23e582b419b70cfb5a26b37c835ce2fe0eff0213dd5bce10f39680a4399,False,Supporting artifact
scripts/make_useful_horizon_v2.py,Gate 0,eeg_gate_result,canonical,see provenance,see docs/gates and provenance,cfb8e08f769bfe5cc2961e3a93421a8490cc9796,dcf11a5e1052988d8f63367f2aef9dfc8c0d988aae6aeca5f3ca6888ced5ce72,True,Frozen or canonical gate artifact
scripts/publish_to_github.sh,Repository,support,derived,various,see docs/gates and provenance,cfb8e08f769bfe5cc2961e3a93421a8490cc9796,a29f0d70956fa838fc9e2c635c3e84bfca591b78e8e6d7abdd423677058b5e38,False,Supporting artifact
scripts/push_master_with_token.sh,Repository,support,derived,various,see docs/gates and provenance,cfb8e08f769bfe5cc2961e3a93421a8490cc9796,e2b78515115ccb60d70282da36b370d7d9aba3a3711b27155b7ef13fc7f82169,False,Supporting artifact
scripts/run_bugfix.sh,Legacy,legacy,legacy,historical,see docs/gates and provenance,cfb8e08f769bfe5cc2961e3a93421a8490cc9796,6a30ab814430f69cbe9507b12be54fff33ec69d0d3a8ecfad07bc941874cf575,False,Retained for audit; not final evidence
scripts/run_eeg.sh,Repository,support,derived,various,see docs/gates and provenance,cfb8e08f769bfe5cc2961e3a93421a8490cc9796,4b52a6311b237453eae62857aa8f91d1f18499e2c28823ae79295ddf77e68326,False,Supporting artifact
scripts/run_effective_kernel_check.py,Gate 1,protocol_or_theory,canonical,see provenance,see docs/gates and provenance,cfb8e08f769bfe5cc2961e3a93421a8490cc9796,9b9986f67fdbc1df0921182a7525f834e78306b0747b345c96a9e0c2429f6e80,True,Frozen or canonical gate artifact
scripts/run_effective_kernel_theory_check.py,Gate 1,protocol_or_theory,canonical,see provenance,see docs/gates and provenance,cfb8e08f769bfe5cc2961e3a93421a8490cc9796,55a6f92ed78c142187e085a4579313bb1e3669ebb09fb92c4c50b3d7ed7b5763,True,Frozen or canonical gate artifact
scripts/run_esn66_contrasts.py,Repository,support,derived,various,see docs/gates and provenance,cfb8e08f769bfe5cc2961e3a93421a8490cc9796,bf7aae331ab86dad2187bc0c62c0ac5d6e8b19b05acfb7c9d526a7c48c922db9,False,Supporting artifact
scripts/run_esn66_holdout.py,Repository,support,derived,various,see docs/gates and provenance,cfb8e08f769bfe5cc2961e3a93421a8490cc9796,8f23dcb08cb95784b0f9dbcb5f6a85aa2c6be55bfce0e7771555b0dbd78c359a,False,Supporting artifact
scripts/run_esn66_hp_search.py,Repository,support,derived,various,see docs/gates and provenance,cfb8e08f769bfe5cc2961e3a93421a8490cc9796,cf639ca3f7ec29717c70eb3da40641ddfa4cde8e7abba38f44a5d7b5f030f8c3,False,Supporting artifact
scripts/run_gate1b_robustness.py,Repository,support,derived,various,see docs/gates and provenance,cfb8e08f769bfe5cc2961e3a93421a8490cc9796,aabb9eda452daf54446aafdd26654d01d8dca67f75de1d642162066975e34606,False,Supporting artifact
scripts/run_gate_baselines.py,Gate 0,eeg_gate_result,canonical,see provenance,see docs/gates and provenance,cfb8e08f769bfe5cc2961e3a93421a8490cc9796,724a951d13bd159a3a8580d9d8963fce409f9041b5fc3f6fd7a086dfe84d86f2,True,Frozen or canonical gate artifact
scripts/run_holdout_eval.py,Repository,support,derived,various,see docs/gates and provenance,cfb8e08f769bfe5cc2961e3a93421a8490cc9796,f241c56edaa49c5e39547db0a97ad415a1f32ec5da38543725c6e506a9bf9f9e,False,Supporting artifact
scripts/run_hp_search.py,Repository,support,derived,various,see docs/gates and provenance,cfb8e08f769bfe5cc2961e3a93421a8490cc9796,94c11a0f2de8d3ddcbb2f796e60fd1cbedcb910c139beaab2e599b5bed41f132,False,Supporting artifact
scripts/run_long_horizon_contrasts.py,Repository,support,derived,various,see docs/gates and provenance,cfb8e08f769bfe5cc2961e3a93421a8490cc9796,4a132607dbf01cbbf7779d7ad5129ce04e5bca5d8eca8add03e243ffce44b70e,False,Supporting artifact
scripts/run_overnight_figures.py,Legacy,legacy,legacy,historical,see docs/gates and provenance,cfb8e08f769bfe5cc2961e3a93421a8490cc9796,a222404a82bcb879698dbabd90e7b9c1b021f326b8db5a31c028a421f1c0529f,False,Retained for audit; not final evidence
scripts/run_quadratic_capacity.py,Repository,support,derived,various,see docs/gates and provenance,cfb8e08f769bfe5cc2961e3a93421a8490cc9796,7a2783a51560880e531b10eba046b935ccc2f228c3b1d53070b7b288f9b121c0,False,Supporting artifact
scripts/run_repository_release.sh,Repository,support,derived,various,see docs/gates and provenance,cfb8e08f769bfe5cc2961e3a93421a8490cc9796,c44d90ac3af64a3b403d0a134221fb7866c9c1a39bc8b9e32aa8aeb403c4148e,False,Supporting artifact
scripts/run_rotaA_stage0.sh,Repository,support,derived,various,see docs/gates and provenance,cfb8e08f769bfe5cc2961e3a93421a8490cc9796,7518f0b1baa23a583f0443bc98531fc00148229107e5b3a76886804f91dd8e1a,False,Supporting artifact
scripts/run_rotaA_stage1.sh,Repository,support,derived,various,see docs/gates and provenance,cfb8e08f769bfe5cc2961e3a93421a8490cc9796,077b3567b932704e4b3d8b07d9bfa14c303db66c9f0b16107393577b2aee197a,False,Supporting artifact
scripts/run_rotaA_stage2.sh,Repository,support,derived,various,see docs/gates and provenance,cfb8e08f769bfe5cc2961e3a93421a8490cc9796,706eaa723b1695e01c8a482153824fdf543bed5d6c1e9420dabe84898374c40e,False,Supporting artifact
scripts/run_rotaA_stage3.sh,Repository,support,derived,various,see docs/gates and provenance,cfb8e08f769bfe5cc2961e3a93421a8490cc9796,2c6ac5ea5fd8e3a5b456170c0f581059066759d3b44fe64a2bfd2b27be8329e9,False,Supporting artifact
scripts/run_sanity_checks.py,Repository,support,derived,various,see docs/gates and provenance,cfb8e08f769bfe5cc2961e3a93421a8490cc9796,adb2a9325e0b5ec537730af810e95944e5b183395eb374acf4da9ffda8ddca1f,False,Supporting artifact
scripts/run_shot_sensitivity.py,Gate 3,shot_result,canonical,see provenance,see docs/gates and provenance,cfb8e08f769bfe5cc2961e3a93421a8490cc9796,f16d2c8018fbf2f6c1ca17b7bb3542fe499d1ea10b34c4b19b073f18bda879f2,True,Frozen or canonical gate artifact
scripts/run_statistics.py,Repository,support,derived,various,see docs/gates and provenance,cfb8e08f769bfe5cc2961e3a93421a8490cc9796,84b3e32da5f4a83a0088557d82e8ebe23b64d1b8a3cfdb8b579925e57ce79961,False,Supporting artifact
scripts/run_synthetic_stage2.py,Repository,support,derived,various,see docs/gates and provenance,cfb8e08f769bfe5cc2961e3a93421a8490cc9796,1c4c8a0bbbf2b61a7d65f25e46f70bb9afec3439b9f208a1999703b30c7530d2,False,Supporting artifact
scripts/run_tables_figures.py,Repository,support,derived,various,see docs/gates and provenance,cfb8e08f769bfe5cc2961e3a93421a8490cc9796,ce3796aa1e047a00e79216fe951157c93da202e9ab2d447e06bde853e5a93ad6,False,Supporting artifact
scripts/update_results_fase1.py,Legacy,legacy,legacy,historical,see docs/gates and provenance,cfb8e08f769bfe5cc2961e3a93421a8490cc9796,2d5ef9477f5481e4002a94626676c8fa92e8079de7c3aba298f7a7ba47816e07,False,Retained for audit; not final evidence
scripts/update_results_gate.py,Repository,support,derived,various,see docs/gates and provenance,cfb8e08f769bfe5cc2961e3a93421a8490cc9796,9680bc1d61bd11ca50ae79d39595b2b1b60431c46a2d177cad438fcb35fc4126,False,Supporting artifact
scripts/verify_bugfix.py,Legacy,legacy,legacy,historical,see docs/gates and provenance,cfb8e08f769bfe5cc2961e3a93421a8490cc9796,d892ccbc864fd040fb27ba8d73c88f6210d3e5b2bed857a6ad8ed72a265756b3,False,Retained for audit; not final evidence
scripts/verify_fase1.py,Legacy,legacy,legacy,historical,see docs/gates and provenance,cfb8e08f769bfe5cc2961e3a93421a8490cc9796,9ba4197c92270985822a7fad8f82bf30e556a10c1126503c4d4a0cf9943ceb62,False,Retained for audit; not final evidence
scripts/verify_gate.py,Repository,support,derived,various,see docs/gates and provenance,cfb8e08f769bfe5cc2961e3a93421a8490cc9796,cbba30cd6af9c4311eb2622e568c4d268a5d0faba6db397cffdce3d5d69b93d9,False,Supporting artifact
scripts/verify_gate1b_robustness.py,Repository,support,derived,various,see docs/gates and provenance,cfb8e08f769bfe5cc2961e3a93421a8490cc9796,1ef8cb2a028e3055383513282c2ace39f0154ae67de8acb53c8d74673c3a4f0e,False,Supporting artifact
scripts/verify_gate3.py,Gate 3,report_or_metadata,canonical,see provenance,see docs/gates and provenance,cfb8e08f769bfe5cc2961e3a93421a8490cc9796,25e3a10444f055cb095c3ea54ac2d7a52d3abd809df7a8dc78585ac3467b1e90,True,Frozen or canonical gate artifact
scripts/verify_overnight.py,Legacy,legacy,legacy,historical,see docs/gates and provenance,cfb8e08f769bfe5cc2961e3a93421a8490cc9796,d86aec7623e49aa316fec8bef6ef9a6b44ebbf00db1944f4ace86660542ab034,False,Retained for audit; not final evidence
scripts/verify_repository_quick.sh,Repository,support,derived,various,see docs/gates and provenance,cfb8e08f769bfe5cc2961e3a93421a8490cc9796,851c8c12a8369ec63d2804aff10f52940e35ffb5da13b7ae07cad36d178a2ebd,False,Supporting artifact
scripts/verify_repository_release.py,Repository,support,derived,various,see docs/gates and provenance,cfb8e08f769bfe5cc2961e3a93421a8490cc9796,eef38609f7d27c6e8b9005f5fcc22067e7981333043dae8db94d902e9fbf7fdf,False,Supporting artifact
scripts/verify_rotaA_gate0.py,Repository,support,derived,various,see docs/gates and provenance,cfb8e08f769bfe5cc2961e3a93421a8490cc9796,df2d31da0c28037c3282755447a9a91fd786f51cc796ba3db0992bbbe263500e,False,Supporting artifact
scripts/verify_rotaA_gate1.py,Repository,support,derived,various,see docs/gates and provenance,cfb8e08f769bfe5cc2961e3a93421a8490cc9796,6e30cc8800d2e76b23a90b44c716839c59050481598edb44c063f00a428cb5db,False,Supporting artifact
scripts/verify_rotaA_gate2.py,Repository,support,derived,various,see docs/gates and provenance,cfb8e08f769bfe5cc2961e3a93421a8490cc9796,a0f380074cda097bac68345511b90204efc8a5af3bdd66615587d5d1ff9cd9dd,False,Supporting artifact
src/qrc_eeg/__init__.py,Repository,support,derived,various,see docs/gates and provenance,cfb8e08f769bfe5cc2961e3a93421a8490cc9796,4a9c094b8ea30f89c11250b107a3acae6f40b344617c187c66e7789aadb2ff28,False,Supporting artifact
src/qrc_eeg/batched.py,Repository,support,derived,various,see docs/gates and provenance,cfb8e08f769bfe5cc2961e3a93421a8490cc9796,f0d14cb1b40ac6d23bb7c7ef0d575250c93ba676772128ee65dc78f4ea24e2ba,False,Supporting artifact
src/qrc_eeg/channels.py,Repository,support,derived,various,see docs/gates and provenance,cfb8e08f769bfe5cc2961e3a93421a8490cc9796,f8cdb1c98e7b39b021e65a91ec450ec6e2d3a9d021457444f59be75a5da77a23,False,Supporting artifact
src/qrc_eeg/classical_baselines.py,Repository,support,derived,various,see docs/gates and provenance,cfb8e08f769bfe5cc2961e3a93421a8490cc9796,edea32d25745af8495561a215f793de90c8b08a53be33469b73d5b818bde0734,False,Supporting artifact
src/qrc_eeg/eeg_data.py,Repository,support,derived,various,see docs/gates and provenance,cfb8e08f769bfe5cc2961e3a93421a8490cc9796,43114c879e4dfa350ff70c750f8173c7dd72c39b1d7b8ee59e9a44ea7aa0ce1a,False,Supporting artifact
src/qrc_eeg/esn.py,Repository,support,derived,various,see docs/gates and provenance,cfb8e08f769bfe5cc2961e3a93421a8490cc9796,6092184124cf7aaeae6d18b76cdccb678967adc4caa54c9b0defd03c4127b09d,False,Supporting artifact
src/qrc_eeg/features.py,Repository,support,derived,various,see docs/gates and provenance,cfb8e08f769bfe5cc2961e3a93421a8490cc9796,632a3f8007577c22b8bc00df72369117b15e8cf781240a3754a118f90ee671ae,False,Supporting artifact
src/qrc_eeg/memory_capacity.py,Repository,support,derived,various,see docs/gates and provenance,cfb8e08f769bfe5cc2961e3a93421a8490cc9796,2e92e24cb8cc7fb9847f4a6c244a530bdb8780a81baafabcafb659d513a7a3ab,False,Supporting artifact
src/qrc_eeg/metrics.py,Repository,support,derived,various,see docs/gates and provenance,cfb8e08f769bfe5cc2961e3a93421a8490cc9796,4be9c3286f9d5833a8c55309e413597806ec052720032d0123593eae8ee29b18,False,Supporting artifact
src/qrc_eeg/models.py,Repository,support,derived,various,see docs/gates and provenance,cfb8e08f769bfe5cc2961e3a93421a8490cc9796,236b2fd0fbdd6a6b69d24798375e863d1312428d6fc9f9653b3eb111f228be57,False,Supporting artifact
src/qrc_eeg/observables.py,Repository,support,derived,various,see docs/gates and provenance,cfb8e08f769bfe5cc2961e3a93421a8490cc9796,7b5d55a767579a3978a0adaf33d5db0901a4a56d81c1bbcc64ece96aca2a89f1,False,Supporting artifact
src/qrc_eeg/physical_resources.py,Gate 3,resource_doc,canonical,see provenance,see docs/gates and provenance,cfb8e08f769bfe5cc2961e3a93421a8490cc9796,9e432ee9de2a8ec6151eb99de30a7e1065e0c042d63a007e41edf432b4e089f0,True,Frozen or canonical gate artifact
src/qrc_eeg/pipeline.py,Repository,support,derived,various,see docs/gates and provenance,cfb8e08f769bfe5cc2961e3a93421a8490cc9796,16bf8686536db07889c1e3b6773a18633a25ae868ed80691143bebb2dfea98db,False,Supporting artifact
src/qrc_eeg/preprocessing.py,Repository,support,derived,various,see docs/gates and provenance,cfb8e08f769bfe5cc2961e3a93421a8490cc9796,25d235320605b86c846964703658a208f4c89d149edc2f1221e189f2abc41fe6,False,Supporting artifact
src/qrc_eeg/provenance.py,Repository,support,derived,various,see docs/gates and provenance,cfb8e08f769bfe5cc2961e3a93421a8490cc9796,fcbb020328cdd75c4461c8e0e76e3dbde19fa288bd49e25fb5a33445b8835562,False,Supporting artifact
src/qrc_eeg/readout.py,Repository,support,derived,various,see docs/gates and provenance,cfb8e08f769bfe5cc2961e3a93421a8490cc9796,5c4c8de3a1921a39f0281569379c18e43dd956ca20cd21e9f1fe3da3182ab559,False,Supporting artifact
src/qrc_eeg/splits.py,Repository,support,derived,various,see docs/gates and provenance,cfb8e08f769bfe5cc2961e3a93421a8490cc9796,66222e6816a5cb132774b7ce4d437c33aae03914b5a7326eee78e6e7b514467b,False,Supporting artifact
src/qrc_eeg/stability.py,Repository,support,derived,various,see docs/gates and provenance,cfb8e08f769bfe5cc2961e3a93421a8490cc9796,16e9a6fe7996e0c01abe347d0622b5c255fa84af1c816efb45de5d3d20a3b222,False,Supporting artifact
src/qrc_eeg/state_kernels.py,Repository,support,derived,various,see docs/gates and provenance,cfb8e08f769bfe5cc2961e3a93421a8490cc9796,b2b2b300931f98eacdd73d3d931367a27762bb69965517a9603a97f81d69bf99,False,Supporting artifact
src/qrc_eeg/statistics.py,Repository,support,derived,various,see docs/gates and provenance,cfb8e08f769bfe5cc2961e3a93421a8490cc9796,b4cd6e24f6f2ded8fa0db72689732e17cbb8854aafdb186e554e12f10c7f10ea,False,Supporting artifact
src/qrc_eeg/tasks.py,Repository,support,derived,various,see docs/gates and provenance,cfb8e08f769bfe5cc2961e3a93421a8490cc9796,4321609d7ff6eff2ded8cf7eabecc4dfde5ecfc1375eb7c500dbdbf199500b48,False,Supporting artifact
tests/test_batched_matches_reference.py,Repository,support,derived,various,see docs/gates and provenance,cfb8e08f769bfe5cc2961e3a93421a8490cc9796,3f76921780ed73a3ab4fdf57875ad3486dad4c65800c6286cb092d7388e8b231,False,Supporting artifact
tests/test_bugfix_leakage.py,Legacy,legacy,legacy,historical,see docs/gates and provenance,cfb8e08f769bfe5cc2961e3a93421a8490cc9796,e0b9021cf3bea9bc07f658ef2a4f98620741d18edcb92790e3d1f6ab1e12cbde,False,Retained for audit; not final evidence
tests/test_constructions_differ.py,Repository,support,derived,various,see docs/gates and provenance,cfb8e08f769bfe5cc2961e3a93421a8490cc9796,3be33a4154dbd7a3fbfd33432726c529d3e7bc7898d8d3011d869612000c8c55,False,Supporting artifact
tests/test_effective_kernel_check.py,Gate 1,protocol_or_theory,canonical,see provenance,see docs/gates and provenance,cfb8e08f769bfe5cc2961e3a93421a8490cc9796,4b94d1ac94e59b6cd781f3e92ed990f90f7d5ecbed820ae05d64912bf536eb62,True,Frozen or canonical gate artifact
tests/test_gate1b_robustness.py,Repository,support,derived,various,see docs/gates and provenance,cfb8e08f769bfe5cc2961e3a93421a8490cc9796,4efaee3629b7bec41a57741c8d8d8baaa5b18f1d20b21932a196fb3be422ca63,False,Supporting artifact
tests/test_gate3_resources_shots.py,Gate 3,report_or_metadata,canonical,see provenance,see docs/gates and provenance,cfb8e08f769bfe5cc2961e3a93421a8490cc9796,99124520887d77392379f3547c5f468a8e1ab220460dc89e3a13cdb4fe76139c,True,Frozen or canonical gate artifact
tests/test_gate_controls.py,Gate 0,eeg_gate_result,canonical,see provenance,see docs/gates and provenance,cfb8e08f769bfe5cc2961e3a93421a8490cc9796,910a7aad567eace6983a43e08f8f0e1af37bd01560e93579ab9e7333db81125f,True,Frozen or canonical gate artifact
tests/test_mechanism_checks.py,Repository,support,derived,various,see docs/gates and provenance,cfb8e08f769bfe5cc2961e3a93421a8490cc9796,bec2129a8f31fbd7b3e278747d45aee97c598fcb529942b29a762198b87319b3,False,Supporting artifact
tests/test_repository_release.py,Repository,support,derived,various,see docs/gates and provenance,cfb8e08f769bfe5cc2961e3a93421a8490cc9796,ce73c2b09a41e4691acf496cf024a1fe9aaf630eca29f9444c88502ba301b66e,False,Supporting artifact
tests/test_segment_grouped_selection.py,Repository,support,derived,various,see docs/gates and provenance,cfb8e08f769bfe5cc2961e3a93421a8490cc9796,6108f345fc40a8784aa93299a13e2d1e7d0669f8f08c354c391635021cd74912,False,Supporting artifact
tests/test_synthetic_stage2.py,Repository,support,derived,various,see docs/gates and provenance,cfb8e08f769bfe5cc2961e3a93421a8490cc9796,fc2c01c14a3a5f5ce628bc8e0b7169d1cde09f4319d2cb43970534e4bff32083,False,Supporting artifact
